,T,T_std,B,B_std,EC50,EC50_std
97,1606.308293611409,43.380560713333026,44.479157307680886,1.876851458685034,4.733771985105429,0.9254989164714947
97A3,1632.876997855214,33.221665222185386,71.16519842253652,4.968858150874461,1.3078106654469586,0.5472307656897514
97A5,1682.167433523317,49.66460952927065,140.21210928338894,50.569485530714005,0.9679458694589653,0.5903641214709937
97A7,1691.1484867572105,27.875398492478062,214.34885091631259,38.09388843989151,0.3761589363606532,0.13106161463502033
97A34,1651.5946979791859,13.42562750553267,177.48042245558258,26.306244027604542,0.21671816196179394,0.08216798454906023
97A35,1606.8002718988153,24.936932255709618,65.27994428686569,2.7993069851232613,1.4183375479577967,0.22875454173616086
aducanumab,1661.8912983874486,36.7567597456045,81.51754726342348,16.401792731254933,0.7393122315069391,0.21483957458200917
crenezumab,446.1075437132299,21.912684340262945,41.601219636234234,1.2041044973890378,6.808818656831366,0.1665134200062197
